"","BIOME","ISO_A3","carbon_potential","potential_value","CP"
"1",1,"",13400105.3908235,22,"pasture"
"2",1,"CAN",42982426.9385294,19,"pasture"
"3",1,"CHN",9299.12488235294,47,"pasture"
"4",1,"FIN",4442623.97311765,28,"pasture"
"5",1,"ISL",6985820.2127647,22,"pasture"
"6",1,"MNG",40895564.7787059,49,"pasture"
"7",1,"NOR",2321276.26094118,44,"pasture"
"8",1,"RUS",65480487.9702353,32,"pasture"
"9",1,"SPM",38171.8803529412,16,"pasture"
"10",1,"SWE",1348335.27952941,32,"pasture"
"11",1,"USA",3995181.84529412,19,"pasture"
"12",2,"",33498012.8968235,46,"pasture"
"13",2,"ABW",79926.8784705886,77,"pasture"
"14",2,"AFG",900441073.023705,81,"pasture"
"15",2,"AGO",99733120.1662941,50,"pasture"
"16",2,"AIA",64908.615882353,56,"pasture"
"17",2,"ARE",2403688.04135294,18,"pasture"
"18",2,"ATG",195625.322647059,48,"pasture"
"19",2,"AUS",2324060216.58812,38,"pasture"
"20",2,"AZE",17400989.8819412,63,"pasture"
"21",2,"BHR",NA,NA,"pasture"
"22",2,"BRB",552487.448470587,76,"pasture"
"23",2,"BWA",95440496.1462353,14,"pasture"
"24",2,"CHL",367059.402529411,12,"pasture"
"25",2,"CHN",898979350.497176,60,"pasture"
"26",2,"COL",14951251.4251765,51,"pasture"
"27",2,"CUB",1424540.802,74,"pasture"
"28",2,"CUW",607077.372176471,68,"pasture"
"29",2,"DJI",3434294.25211765,17,"pasture"
"30",2,"DMA",12645.789,39,"pasture"
"31",2,"DZA",114814000.057941,14,"pasture"
"32",2,"ECU",915322.367294117,60,"pasture"
"33",2,"EGY",4540892.06523529,13,"pasture"
"34",2,"ERI",11308315.0644706,17,"pasture"
"35",2,"ESH",NA,NA,"pasture"
"36",2,"ETH",48319578.5112353,40,"pasture"
"37",2,"FRA",202439.281764706,53,"pasture"
"38",2,"GEO",2858659.1447647,60,"pasture"
"39",2,"GRD",3032.02623529412,28,"pasture"
"40",2,"GTM",1682.52547058824,89,"pasture"
"41",2,"IND",6648158.8577647,80,"pasture"
"42",2,"IRN",518859584.402647,48,"pasture"
"43",2,"IRQ",28012043.7529412,39,"pasture"
"44",2,"ISR",777056.055176471,26,"pasture"
"45",2,"JOR",1719385.13064706,19,"pasture"
"46",2,"KAZ",3856025216.85741,41,"pasture"
"47",2,"KGZ",2514.69529411765,45,"pasture"
"48",2,"KNA",3741.67764705882,24,"pasture"
"49",2,"KWT",1967887.67223529,26,"pasture"
"50",2,"LBY",147782839.981235,24,"pasture"
"51",2,"LCA",1245.633,30,"pasture"
"52",2,"LKA",672541.573411765,67,"pasture"
"53",2,"MAF",40186.0491176471,57,"pasture"
"54",2,"MAR",22824780.2729117,20.5,"pasture"
"55",2,"MDG",100090838.909647,48,"pasture"
"56",2,"MEX",275029172.458765,16,"pasture"
"57",2,"MLI",NA,NA,"pasture"
"58",2,"MNG",667433225.629059,34,"pasture"
"59",2,"MRT",NA,NA,"pasture"
"60",2,"MSR",5844.14373529412,22.5,"pasture"
"61",2,"NAM",327175937.593059,23,"pasture"
"62",2,"NER",6094153.50141176,14,"pasture"
"63",2,"NLD",194924.420470588,56,"pasture"
"64",2,"OMN",4543971.24582353,16,"pasture"
"65",2,"PAK",44644522.8100588,82,"pasture"
"66",2,"PER",15406826.5152353,22,"pasture"
"67",2,"PSE",115718.737941176,38,"pasture"
"68",2,"QAT",NA,NA,"pasture"
"69",2,"RUS",187662019.658471,41,"pasture"
"70",2,"SAU",19200724.516147,14.5,"pasture"
"71",2,"SDN",19448764.9221176,14,"pasture"
"72",2,"SOL",61613918.2904117,53,"pasture"
"73",2,"SOM",37487524.1618823,20,"pasture"
"74",2,"SXM",51606.3340588236,60,"pasture"
"75",2,"SYR",43536607.8670588,40,"pasture"
"76",2,"TCD",24555164.6647059,15,"pasture"
"77",2,"TJK",4559561.39170587,45,"pasture"
"78",2,"TKM",581259797.149235,42,"pasture"
"79",2,"TUN",18486308.6867647,40,"pasture"
"80",2,"USA",2471896938.19853,43,"pasture"
"81",2,"UZB",380171139.060529,42,"pasture"
"82",2,"VCT",1210.79205882353,21,"pasture"
"83",2,"VEN",20152027.8217059,52,"pasture"
"84",2,"VGB",40449.9896470588,52,"pasture"
"85",2,"VIR",103964.912117647,53,"pasture"
"86",2,"YEM",283535227.927411,41,"pasture"
"87",2,"ZAF",780381841.066234,36,"pasture"
"88",2,"ZWE",497701.423941175,15,"pasture"
"89",3,"",1209128.45841177,57,"pasture"
"90",3,"AGO",11549948.7601765,34,"pasture"
"91",3,"ARG",31494659.4287647,35,"pasture"
"92",3,"BOL",743155.261235294,35,"pasture"
"93",3,"BRA",63299535.3975882,40,"pasture"
"94",3,"BWA",24546600.473647,35,"pasture"
"95",3,"CHN",21087161.1981176,36,"pasture"
"96",3,"CMR",3530016.03635294,56,"pasture"
"97",3,"COD",37809.0697058823,44,"pasture"
"98",3,"CUB",224592.459,33,"pasture"
"99",3,"DOM",27232.3487647059,12,"pasture"
"100",3,"DZA",831731.813117647,38,"pasture"
"101",3,"ECU",46217.1349411765,39,"pasture"
"102",3,"EGY",778565.335411763,49,"pasture"
"103",3,"ETH",67351.9937647059,40,"pasture"
"104",3,"IND",3392817.51247059,95,"pasture"
"105",3,"IRN",5052084.2807647,42,"pasture"
"106",3,"IRQ",401134.499117648,45,"pasture"
"107",3,"KEN",47108.9731764709,17,"pasture"
"108",3,"LBY",72325.0589999999,22,"pasture"
"109",3,"MLI",18233391.0338823,20,"pasture"
"110",3,"MOZ",462804.814941177,58,"pasture"
"111",3,"MRT",NA,NA,"pasture"
"112",3,"MWI",48003.0524117647,59,"pasture"
"113",3,"NAM",7398531.14752938,39,"pasture"
"114",3,"NER",1343170.26529412,18,"pasture"
"115",3,"NGA",1278396.633,16,"pasture"
"116",3,"PAK",NA,NA,"pasture"
"117",3,"PRY",39722.8729411765,40,"pasture"
"118",3,"RUS",2256526.29423529,41,"pasture"
"119",3,"SDN",177042.193235294,47,"pasture"
"120",3,"SSD",68405773.566,31,"pasture"
"121",3,"TCD",6867854.27347058,55,"pasture"
"122",3,"TUN",4696612.96199999,34,"pasture"
"123",3,"TZA",11914254.7309411,39,"pasture"
"124",3,"USA",791202.399176471,50,"pasture"
"125",3,"VEN",128004.870705882,24,"pasture"
"126",3,"ZMB",16722780.3818824,50,"pasture"
"127",4,"",9972654.86488235,35,"pasture"
"128",4,"ABW",369449.559352941,65,"pasture"
"129",4,"AGO",39261.042,49,"pasture"
"130",4,"ARE",4988.14958823529,19,"pasture"
"131",4,"BGD",581755.177764706,44,"pasture"
"132",4,"BHR",NA,NA,"pasture"
"133",4,"BHS",7955999.69735293,46,"pasture"
"134",4,"BLM",27930.8565882353,85,"pasture"
"135",4,"BLZ",154659.506647059,22,"pasture"
"136",4,"BRA",785790.035117647,28,"pasture"
"137",4,"BRN",88.9951764705882,19,"pasture"
"138",4,"CIV",5333.71147058823,55,"pasture"
"139",4,"CMR",0,92,"pasture"
"140",4,"COD",12294.4567058824,36,"pasture"
"141",4,"COL",487124.873117647,22,"pasture"
"142",4,"CRI",30050.8558235294,21,"pasture"
"143",4,"CUB",1684937.12982353,36,"pasture"
"144",4,"CUW",317927.28564706,59,"pasture"
"145",4,"CYM",37819.3886470589,24,"pasture"
"146",4,"DJI",44067.9425294117,11,"pasture"
"147",4,"DOM",65247.024,33,"pasture"
"148",4,"ECU",259988.672294118,23,"pasture"
"149",4,"FRA",62364.8149411765,18,"pasture"
"150",4,"GAB",116041.167882353,75,"pasture"
"151",4,"GHA",241278.103235294,42,"pasture"
"152",4,"GIN",1030.38988235294,63,"pasture"
"153",4,"GMB",144830.945647059,62,"pasture"
"154",4,"GNB",32887.866,60,"pasture"
"155",4,"GNQ",46.1816470588235,110,"pasture"
"156",4,"GTM",6247.467,16,"pasture"
"157",4,"GUY",21634.9279411765,28,"pasture"
"158",4,"HND",129669.409764706,24,"pasture"
"159",4,"HTI",212797.825411765,79,"pasture"
"160",4,"IDN",727748.038941177,45,"pasture"
"161",4,"IND",1056311.55705882,34,"pasture"
"162",4,"JAM",26960.1617647059,30,"pasture"
"163",4,"KEN",19102.4715882353,41,"pasture"
"164",4,"KHM",16266.9139411765,80,"pasture"
"165",4,"KNA",50919.216,38,"pasture"
"166",4,"LBR",0,80,"pasture"
"167",4,"MDG",1679676.71417647,51,"pasture"
"168",4,"MEX",4581303.13305882,32,"pasture"
"169",4,"MMR",1418067.09141176,82,"pasture"
"170",4,"MOZ",9112.19629411765,45,"pasture"
"171",4,"MYS",57461.112,25,"pasture"
"172",4,"NGA",73703.4855882353,75,"pasture"
"173",4,"NIC",315906.522,29,"pasture"
"174",4,"NLD",225064.939941175,55,"pasture"
"175",4,"OMN",NA,NA,"pasture"
"176",4,"PAK",1601331.51247059,71,"pasture"
"177",4,"PAN",45413.6959411765,22,"pasture"
"178",4,"PER",108375.242470588,28,"pasture"
"179",4,"PNG",9992.92694117647,21,"pasture"
"180",4,"PRI",60094.3616470588,40,"pasture"
"181",4,"QAT",NA,NA,"pasture"
"182",4,"SAU",10309.361117647,15,"pasture"
"183",4,"SEN",360711.613411765,59,"pasture"
"184",4,"SLE",380.925,74,"pasture"
"185",4,"SLV",20144.7382941176,32,"pasture"
"186",4,"SOL",452120.446588235,22,"pasture"
"187",4,"SOM",206854.536529411,24,"pasture"
"188",4,"SUR",88293.5661176471,22,"pasture"
"189",4,"TCA",163764.121941177,52,"pasture"
"190",4,"THA",1381662.29929412,71,"pasture"
"191",4,"TTO",4488.17452941176,37,"pasture"
"192",4,"TZA",19589.2053529412,53,"pasture"
"193",4,"USA",157907.291647059,26,"pasture"
"194",4,"VCT",12169.6618235294,47,"pasture"
"195",4,"VEN",2033715.66723529,33,"pasture"
"196",4,"VIR",961.689,65,"pasture"
"197",4,"VNM",755368.480235294,59,"pasture"
"198",4,"YEM",NA,NA,"pasture"
"199",4,"ZAF",43865.2219411765,41,"pasture"
"200",5,"",23269396.824,58,"pasture"
"201",5,"ALB",523956.907411765,52,"pasture"
"202",5,"AUS",237261419.331353,20,"pasture"
"203",5,"BIH",237345.874235294,38,"pasture"
"204",5,"CHL",153835468.281706,72,"pasture"
"205",5,"CYN",893383.689352942,96,"pasture"
"206",5,"CYP",431904.144352941,80,"pasture"
"207",5,"DZA",432728745.458647,98,"pasture"
"208",5,"EGY",537233.403882353,58,"pasture"
"209",5,"ESP",18903798.5368235,63,"pasture"
"210",5,"FRA",3625467.80647059,51,"pasture"
"211",5,"GRC",15119511.819,70,"pasture"
"212",5,"HRV",4498420.28523529,40,"pasture"
"213",5,"ISR",535415.143058824,66,"pasture"
"214",5,"ITA",2503284.95911765,41,"pasture"
"215",5,"JOR",241281.689470588,82,"pasture"
"216",5,"LBN",760379.428411765,76,"pasture"
"217",5,"LBY",35478454.1354117,71,"pasture"
"218",5,"MAR",607295767.619823,107,"pasture"
"219",5,"MCO",384.778588235294,49,"pasture"
"220",5,"MEX",5442337.89599999,23,"pasture"
"221",5,"MKD",379583.189647059,57,"pasture"
"222",5,"MLT",93559.3552941177,37,"pasture"
"223",5,"MNE",280869.737647059,52,"pasture"
"224",5,"PRT",571683.173470588,52,"pasture"
"225",5,"PSE",166816.739294118,78,"pasture"
"226",5,"SVN",5545.99994117647,36,"pasture"
"227",5,"SYR",13793369.6230588,81,"pasture"
"228",5,"TUN",37883068.8455294,110,"pasture"
"229",5,"TUR",27775401.4173529,80,"pasture"
"230",5,"USA",41653919.8907647,31,"pasture"
"231",5,"ZAF",141899212.256294,49,"pasture"
"232",6,"AFG",61902891.2382352,19,"pasture"
"233",6,"AGO",731462.131941176,42,"pasture"
"234",6,"ARG",23312856.6345882,60,"pasture"
"235",6,"AUS",20417.6952352941,129,"pasture"
"236",6,"BOL",42536529.4501764,31,"pasture"
"237",6,"BTN",2497684.34082353,33,"pasture"
"238",6,"CHL",5528129.11747058,40,"pasture"
"239",6,"CHN",1525350375.04553,27,"pasture"
"240",6,"COL",1252545.31005882,23,"pasture"
"241",6,"ECU",1596478.78305882,23,"pasture"
"242",6,"ERI",12901497.6033529,18,"pasture"
"243",6,"ETH",694638.47664706,28,"pasture"
"244",6,"IDN",47165.0731764706,22,"pasture"
"245",6,"IND",6016028.17552941,25,"pasture"
"246",6,"IRN",229075554.869823,95,"pasture"
"247",6,"KAZ",21075958.7175882,19,"pasture"
"248",6,"KEN",24455.07,37,"pasture"
"249",6,"KGZ",33853225.7828823,18,"pasture"
"250",6,"LSO",8219564.80305882,35,"pasture"
"251",6,"MAR",22439467.604647,101,"pasture"
"252",6,"MDG",308747.094352941,53,"pasture"
"253",6,"MNG",237206277.89947,52,"pasture"
"254",6,"MOZ",12084.4918235294,60,"pasture"
"255",6,"MWI",38847.3301764706,55,"pasture"
"256",6,"NGA",854939.686411765,72,"pasture"
"257",6,"NPL",564739.152882353,35,"pasture"
"258",6,"NZL",15112011.9199412,18,"pasture"
"259",6,"PAK",4709323.12023529,65,"pasture"
"260",6,"PER",99010010.1298235,29,"pasture"
"261",6,"RUS",22075729.5531176,31,"pasture"
"262",6,"SDN",1669916.73388235,28,"pasture"
"263",6,"SWZ",1349978.889,61,"pasture"
"264",6,"TJK",684638.260235293,21,"pasture"
"265",6,"TKM",129463344.603529,93,"pasture"
"266",6,"TZA",597687.061058823,60,"pasture"
"267",6,"UGA",20.52,85,"pasture"
"268",6,"UZB",454817.270470588,15,"pasture"
"269",6,"VEN",1716614.98923529,36,"pasture"
"270",6,"ZAF",197380478.614059,48,"pasture"
"271",6,"ZMB",12733.9584705882,52,"pasture"
"272",6,"ZWE",874445.017058824,62,"pasture"
"273",7,"",22016076.7591765,29,"pasture"
"274",7,"ALA",45314.6648823529,40,"pasture"
"275",7,"AND",179286.498176471,24,"pasture"
"276",7,"ARG",23759487.8311764,59,"pasture"
"277",7,"ARM",1098857.53288235,25,"pasture"
"278",7,"AUS",143271011.650765,88,"pasture"
"279",7,"AUT",102404.914941176,41,"pasture"
"280",7,"AZE",6712432.68458823,43,"pasture"
"281",7,"BEL",678892.753941176,62,"pasture"
"282",7,"BGR",876491.315294118,27,"pasture"
"283",7,"BIH",197140.455176471,47,"pasture"
"284",7,"BLR",44227.7306470588,28,"pasture"
"285",7,"BTN",141979.404,90,"pasture"
"286",7,"CAN",2016816.86576471,18,"pasture"
"287",7,"CHE",171112.163823529,44.5,"pasture"
"288",7,"CHL",24074879.4058235,28,"pasture"
"289",7,"CHN",673733790.815294,62,"pasture"
"290",7,"CZE",17186.7850588235,54,"pasture"
"291",7,"DEU",1884502.34558824,38,"pasture"
"292",7,"DNK",1000179.58358824,37,"pasture"
"293",7,"ESP",3783091.41105882,61,"pasture"
"294",7,"EST",315329.111294118,32,"pasture"
"295",7,"FIN",156568.856117647,33,"pasture"
"296",7,"FRA",5796545.39152941,46,"pasture"
"297",7,"GBR",28090654.9854706,21,"pasture"
"298",7,"GEO",6691768.71335294,20,"pasture"
"299",7,"GGY",54091.339764706,57,"pasture"
"300",7,"GRC",58939.1126470588,55,"pasture"
"301",7,"HRV",2440946.64158823,48,"pasture"
"302",7,"HUN",79399.89,41,"pasture"
"303",7,"IMN",110100.237352941,29,"pasture"
"304",7,"IND",3201127.11952941,28,"pasture"
"305",7,"IRL",5973186.78158823,22,"pasture"
"306",7,"IRN",758051850.61447,85,"pasture"
"307",7,"IRQ",1543943.97652941,58,"pasture"
"308",7,"ITA",380127.358058824,35,"pasture"
"309",7,"JEY",77784.8165294117,51,"pasture"
"310",7,"JPN",11706309.7828235,65,"pasture"
"311",7,"KOR",3353533.65388235,66,"pasture"
"312",7,"KOS",1101.09952941176,25,"pasture"
"313",7,"LTU",116173.125882353,31,"pasture"
"314",7,"LVA",223529.370352941,30,"pasture"
"315",7,"MKD",813775.395705882,54,"pasture"
"316",7,"MMR",15056.451,22,"pasture"
"317",7,"MNE",121394.565,67,"pasture"
"318",7,"NLD",4319667.76411765,51,"pasture"
"319",7,"NOR",116904.291176471,37,"pasture"
"320",7,"NPL",620399.092058824,47,"pasture"
"321",7,"NZL",7453452.87635294,19,"pasture"
"322",7,"POL",366756.941470588,34,"pasture"
"323",7,"PRK",2007154.99023529,62,"pasture"
"324",7,"PRT",121551.243705882,66,"pasture"
"325",7,"ROU",2717139.52535294,35,"pasture"
"326",7,"RUS",30266181.3181765,26,"pasture"
"327",7,"SRB",457199.147823529,38,"pasture"
"328",7,"SVK",41857.0275882353,41,"pasture"
"329",7,"SVN",152990.250352941,34,"pasture"
"330",7,"SWE",2135070.98947059,38,"pasture"
"331",7,"TUR",81215740.1334706,65,"pasture"
"332",7,"UKR",229449.052235294,33,"pasture"
"333",7,"USA",19208900.7502941,20,"pasture"
"334",8,"",4908712.02352941,32,"pasture"
"335",8,"AFG",30573461.6461764,77,"pasture"
"336",8,"AUT",4966118.42347059,20,"pasture"
"337",8,"BTN",84500.5914705882,30,"pasture"
"338",8,"CAN",6203945.72241176,35,"pasture"
"339",8,"CHE",2882233.92705882,17,"pasture"
"340",8,"CHN",241671321.879882,37,"pasture"
"341",8,"CZE",4272.39458823529,53,"pasture"
"342",8,"DEU",82282.3588235294,29,"pasture"
"343",8,"DZA",7443946.47617647,81,"pasture"
"344",8,"FRA",612790.425529412,17,"pasture"
"345",8,"GBR",1774327.67594118,20,"pasture"
"346",8,"IND",867024.331764706,27,"pasture"
"347",8,"IRN",175906977.387353,90,"pasture"
"348",8,"ITA",853926.823764706,23,"pasture"
"349",8,"JPN",450185.156823529,57,"pasture"
"350",8,"KAZ",4200792.18158823,54,"pasture"
"351",8,"KGZ",3767362.42447058,19,"pasture"
"352",8,"MAR",24228239.7423529,104,"pasture"
"353",8,"MMR",16.425,29,"pasture"
"354",8,"MNG",310616335.077529,55,"pasture"
"355",8,"NOR",3287020.91029412,36,"pasture"
"356",8,"NPL",132690.916235294,30,"pasture"
"357",8,"PAK",1564868.41270588,140,"pasture"
"358",8,"POL",9676.77352941176,51,"pasture"
"359",8,"ROU",3506310.40235294,41,"pasture"
"360",8,"RUS",6410077.49223529,30,"pasture"
"361",8,"SVK",133865.638058824,52,"pasture"
"362",8,"SVN",28275.1778823529,33,"pasture"
"363",8,"TUN",89590.8901764706,103,"pasture"
"364",8,"TUR",28431653.6692941,78,"pasture"
"365",8,"UKR",73273.8944117647,37,"pasture"
"366",8,"USA",301330878.647823,48,"pasture"
"367",9,"",12397175.9262353,26,"pasture"
"368",9,"AFG",2984411.00505882,19,"pasture"
"369",9,"ARE",36278.9497058824,13,"pasture"
"370",9,"ARG",1232918855.45347,28,"pasture"
"371",9,"ARM",5866875.12811765,64,"pasture"
"372",9,"AUS",987360289.987235,47,"pasture"
"373",9,"AZE",10046954.3089412,89,"pasture"
"374",9,"CAN",76178451.3142941,18,"pasture"
"375",9,"CHL",14578908.15,24,"pasture"
"376",9,"CHN",1488385705.05829,54,"pasture"
"377",9,"FLK",10363134.9321176,14,"pasture"
"378",9,"GEO",760605.108352941,47,"pasture"
"379",9,"IRN",42356379.0767647,37,"pasture"
"380",9,"IRQ",13477488.7314706,90,"pasture"
"381",9,"KAZ",1691526440.74906,56,"pasture"
"382",9,"KGZ",225336996.608118,81,"pasture"
"383",9,"MNG",1984078459.68635,63,"pasture"
"384",9,"NZL",15535979.9442353,15,"pasture"
"385",9,"OMN",416612.034000001,20,"pasture"
"386",9,"ROU",95228.8561764706,45,"pasture"
"387",9,"RUS",173130351.847412,41,"pasture"
"388",9,"SYR",45023108.2281176,38,"pasture"
"389",9,"TJK",83351855.1508234,90,"pasture"
"390",9,"TKM",15591468.0757059,87,"pasture"
"391",9,"TUR",22755930.0153529,40,"pasture"
"392",9,"UKR",1456526.13511765,38,"pasture"
"393",9,"URY",39801.8947058823,24,"pasture"
"394",9,"USA",1456605152.19441,30,"pasture"
"395",9,"UZB",273710885.273117,90,"pasture"
"396",10,"",1524613.08317647,51,"pasture"
"397",10,"BHS",7092257.76529411,49,"pasture"
"398",10,"BMU",7564.15764705882,14,"pasture"
"399",10,"CUB",499881.457235294,42,"pasture"
"400",10,"DOM",262975.521176471,82,"pasture"
"401",10,"GTM",83965.3736470588,89,"pasture"
"402",10,"HND",24134.7658235294,90,"pasture"
"403",10,"HTI",15631.1246470588,84,"pasture"
"404",10,"IDN",34.2778235294118,142,"pasture"
"405",10,"IND",6856763.98129412,136,"pasture"
"406",10,"MEX",60689964.3829411,24,"pasture"
"407",10,"MMR",5914.45764705882,126,"pasture"
"408",10,"NIC",587293.476352941,84,"pasture"
"409",10,"NPL",184731.521647059,113,"pasture"
"410",10,"PAK",324490.674176471,139,"pasture"
"411",10,"SLV",513457.725882353,86,"pasture"
"412",10,"TCA",155268.231882353,53,"pasture"
"413",10,"USA",4013548.02599998,25,"pasture"
"414",11,"",7959746.12647059,57,"pasture"
"415",11,"AGO",23997.7597058824,43,"pasture"
"416",11,"AIA",5153.7674117647,59,"pasture"
"417",11,"ATG",15795.7348235294,63,"pasture"
"418",11,"BOL",22168858.872,41,"pasture"
"419",11,"BRA",136562069.989765,49,"pasture"
"420",11,"COL",52948871.7965294,61,"pasture"
"421",11,"CRI",907448.516647059,79,"pasture"
"422",11,"CUB",3132039.46658823,44,"pasture"
"423",11,"CYM",18914.3258823529,26,"pasture"
"424",11,"DOM",1047495.53823529,73,"pasture"
"425",11,"ECU",986891.581058824,57,"pasture"
"426",11,"FRA",13108.8937058824,28,"pasture"
"427",11,"FSM",39983.1721764706,73,"pasture"
"428",11,"GRD",5393.45435294118,24,"pasture"
"429",11,"GTM",35127.6026470588,89,"pasture"
"430",11,"HND",32071.3270588235,58,"pasture"
"431",11,"HTI",432869.875588235,72,"pasture"
"432",11,"IDN",14434190.9495294,102,"pasture"
"433",11,"IND",9755807.16758824,130,"pasture"
"434",11,"JAM",152250.866647059,59,"pasture"
"435",11,"KHM",1088279.52282353,115,"pasture"
"436",11,"LCA",36920.3966470588,35,"pasture"
"437",11,"LKA",872816.265882353,68,"pasture"
"438",11,"MDG",78278311.0877647,56,"pasture"
"439",11,"MEX",98233327.7918822,62,"pasture"
"440",11,"MMR",130911.57,99,"pasture"
"441",11,"MSR",7656.63494117647,16,"pasture"
"442",11,"NCL",4678949.97335294,99,"pasture"
"443",11,"NIC",2185033.94664706,61,"pasture"
"444",11,"NLD",30284.8625294118,84,"pasture"
"445",11,"PAN",17369.2314705882,49,"pasture"
"446",11,"PER",468969.175764705,35,"pasture"
"447",11,"PRI",58373.9984117647,45,"pasture"
"448",11,"SLV",194551.782705882,59,"pasture"
"449",11,"THA",558718.594411765,116,"pasture"
"450",11,"TLS",2203151.3532353,105,"pasture"
"451",11,"TTO",29389.0505294118,24,"pasture"
"452",11,"USA",13498771.229647,79,"pasture"
"453",11,"VCT",714.715941176471,22,"pasture"
"454",11,"VEN",42616981.3191176,53,"pasture"
"455",11,"VNM",3484108.00182353,89,"pasture"
"456",11,"ZMB",1012574.50641176,51,"pasture"
"457",12,"",20644602.1642941,66,"pasture"
"458",12,"AGO",94618925.1379412,40,"pasture"
"459",12,"ARG",109671272.34,40,"pasture"
"460",12,"AUS",2927115114.52941,62,"pasture"
"461",12,"BDI",65436.3248823529,54,"pasture"
"462",12,"BEN",244025.419941176,46,"pasture"
"463",12,"BFA",18008573.2648235,38,"pasture"
"464",12,"BLZ",8255.06505882353,21,"pasture"
"465",12,"BOL",110607037.748471,35,"pasture"
"466",12,"BRA",577381337.547706,55,"pasture"
"467",12,"BWA",105070869.714882,27,"pasture"
"468",12,"CAF",6958493.43917647,61,"pasture"
"469",12,"CIV",4950157.284,54,"pasture"
"470",12,"CMR",5934369.92047059,64,"pasture"
"471",12,"COD",670190.224941176,41,"pasture"
"472",12,"COG",556281.417352941,39,"pasture"
"473",12,"COL",124476614.246471,49,"pasture"
"474",12,"DZA",NA,NA,"pasture"
"475",12,"ERI",38708087.8526471,18,"pasture"
"476",12,"ETH",193467102.655059,48,"pasture"
"477",12,"GAB",1165677.66970588,34,"pasture"
"478",12,"GHA",14391404.1707647,39,"pasture"
"479",12,"GIN",4678029.68011765,74,"pasture"
"480",12,"GMB",4112860.95035294,54,"pasture"
"481",12,"GNB",831302.904352941,67,"pasture"
"482",12,"GUY",13449291.9116471,51,"pasture"
"483",12,"HND",127100.994882353,26,"pasture"
"484",12,"IDN",53058.0428823529,59,"pasture"
"485",12,"IND",4109.631,43,"pasture"
"486",12,"KEN",365108303.84647,37,"pasture"
"487",12,"LSO",8598180.68170588,21,"pasture"
"488",12,"MEX",961392.593999999,12,"pasture"
"489",12,"MLI",553856906.377412,57,"pasture"
"490",12,"MOZ",45654349.8372353,52,"pasture"
"491",12,"MRT",93906468.4745294,19,"pasture"
"492",12,"MWI",774164.539764706,64,"pasture"
"493",12,"NAM",114776403.124941,24,"pasture"
"494",12,"NER",317255404.281882,36,"pasture"
"495",12,"NGA",99784957.1355882,53,"pasture"
"496",12,"NIC",4116945.321,36,"pasture"
"497",12,"NPL",27622.98,17.5,"pasture"
"498",12,"OMN",170797.375235294,16,"pasture"
"499",12,"PNG",23291.9313529412,48,"pasture"
"500",12,"PRY",102492021.547765,45,"pasture"
"501",12,"RWA",531578.413235294,50,"pasture"
"502",12,"SDN",1305447193.34982,44,"pasture"
"503",12,"SEN",61740455.7792353,68,"pasture"
"504",12,"SLE",778.32,75,"pasture"
"505",12,"SOL",60075777.8078823,16,"pasture"
"506",12,"SOM",162972927.103765,16,"pasture"
"507",12,"SSD",144758343.262059,41,"pasture"
"508",12,"SWZ",677516.684294118,40,"pasture"
"509",12,"TCD",683325072.110647,43,"pasture"
"510",12,"TGO",515705.260235294,46,"pasture"
"511",12,"TZA",119324235.550412,53,"pasture"
"512",12,"UGA",6425087.37494118,31,"pasture"
"513",12,"URY",86794611.7261765,37,"pasture"
"514",12,"USA",16454472.4039412,19,"pasture"
"515",12,"VEN",69657520.5082941,49,"pasture"
"516",12,"YEM",19270227.3534706,20,"pasture"
"517",12,"ZAF",157041067.569,43,"pasture"
"518",12,"ZMB",33158572.0014706,55,"pasture"
"519",12,"ZWE",114788457.067941,43,"pasture"
"520",13,"",20261487.0365294,48,"pasture"
"521",13,"ARG",2777297.65605882,64,"pasture"
"522",13,"ATG",4812.31129411765,62,"pasture"
"523",13,"AUS",4356547.10841177,80,"pasture"
"524",13,"BDI",292082.126117647,61,"pasture"
"525",13,"BGD",6987813.13517647,110,"pasture"
"526",13,"BLZ",27788.1204705882,23,"pasture"
"527",13,"BOL",31149008.726647,38,"pasture"
"528",13,"BRA",379679014.386706,62,"pasture"
"529",13,"BRN",118047.826764706,58,"pasture"
"530",13,"BTN",53785.4405294118,88,"pasture"
"531",13,"CAF",2958.16870588235,38,"pasture"
"532",13,"CHN",298132120.544823,69,"pasture"
"533",13,"CIV",275838.895941177,53,"pasture"
"534",13,"CMR",1593.57776470588,79,"pasture"
"535",13,"COD",100446.027,47,"pasture"
"536",13,"COG",30909.7108235294,36,"pasture"
"537",13,"COL",91626056.0234118,60,"pasture"
"538",13,"COM",2955.16341176471,74,"pasture"
"539",13,"CRI",1527111.28782353,72,"pasture"
"540",13,"CUB",2226906.76588235,61,"pasture"
"541",13,"DMA",2462.67776470588,41,"pasture"
"542",13,"DOM",2246956.32476471,80,"pasture"
"543",13,"ECU",5869314.97094118,77,"pasture"
"544",13,"ETH",1289.835,50,"pasture"
"545",13,"FRA",367733.056941176,59,"pasture"
"546",13,"GAB",202427.180470588,55,"pasture"
"547",13,"GHA",52495.0545882353,52,"pasture"
"548",13,"GIN",432449.659235294,71,"pasture"
"549",13,"GNQ",2927.96170588235,54,"pasture"
"550",13,"GRD",5760.453,26,"pasture"
"551",13,"GTM",350865.823058824,56,"pasture"
"552",13,"GUY",479128.577294118,24,"pasture"
"553",13,"HKG",896865.892058824,107,"pasture"
"554",13,"HND",112931.210823529,29,"pasture"
"555",13,"HTI",372601.279411765,77,"pasture"
"556",13,"IDN",7781243.62129412,61,"pasture"
"557",13,"IND",11966371.8580588,107,"pasture"
"558",13,"JAM",77076.3850588235,66,"pasture"
"559",13,"JPN",690573.324176471,38,"pasture"
"560",13,"KEN",4141685.5452353,43,"pasture"
"561",13,"KHM",569945.408294118,55,"pasture"
"562",13,"KNA",2639.07141176471,90,"pasture"
"563",13,"LAO",406691.377411765,107,"pasture"
"564",13,"LBR",0,73,"pasture"
"565",13,"LCA",12767.6848235294,44,"pasture"
"566",13,"LKA",105438.223058824,79,"pasture"
"567",13,"MAC",37909.5834705882,93.5,"pasture"
"568",13,"MDG",142760902.080353,54,"pasture"
"569",13,"MEX",8497813.41476471,39,"pasture"
"570",13,"MMR",2427878.72152941,98,"pasture"
"571",13,"MOZ",10252371.7965882,49,"pasture"
"572",13,"MSR",15104.0959411765,31,"pasture"
"573",13,"MUS",125471.931,66,"pasture"
"574",13,"MYS",1616690.15841177,60,"pasture"
"575",13,"NCL",6345930.22005882,115,"pasture"
"576",13,"NGA",33639.3474705882,66,"pasture"
"577",13,"NIC",1026805.96641176,66,"pasture"
"578",13,"NPL",123708.274941177,50.5,"pasture"
"579",13,"PAN",280895.489470588,63,"pasture"
"580",13,"PER",16801459.1842941,32,"pasture"
"581",13,"PHL",8757220.36376471,72,"pasture"
"582",13,"PLW",78110.8261764706,99,"pasture"
"583",13,"PNG",2253120.61323529,74,"pasture"
"584",13,"PRI",194684.298529412,46,"pasture"
"585",13,"PRY",13436071.3411765,48,"pasture"
"586",13,"RWA",142570.921411765,58,"pasture"
"587",13,"SGP",165910.476352941,69,"pasture"
"588",13,"SLB",303634.146,66,"pasture"
"589",13,"SLE",1293.19852941176,68,"pasture"
"590",13,"SLV",30695.0068235294,94,"pasture"
"591",13,"SOM",25626978.9351176,19,"pasture"
"592",13,"SSD",881814.289411764,34,"pasture"
"593",13,"STP",22.59,92,"pasture"
"594",13,"SUR",144011.625176471,29,"pasture"
"595",13,"SWZ",140870.203411765,30,"pasture"
"596",13,"THA",2686303.01364706,125,"pasture"
"597",13,"TTO",348711.386117647,46,"pasture"
"598",13,"TWN",1399256.72135294,90,"pasture"
"599",13,"TZA",2298510.34605882,49,"pasture"
"600",13,"UGA",300662.449941177,50,"pasture"
"601",13,"URY",NA,NA,"pasture"
"602",13,"USA",2140267.86070588,84,"pasture"
"603",13,"VCT",5614.03711764706,33,"pasture"
"604",13,"VEN",18013116.1328824,61,"pasture"
"605",13,"VGB",3902.22441176471,82,"pasture"
"606",13,"VIR",63064.4239411765,82,"pasture"
"607",13,"VNM",3140719.56405882,93,"pasture"
"608",13,"VUT",41207.5992352941,22,"pasture"
"609",13,"ZAF",718421.492470588,36,"pasture"
"610",13,"ZWE",3.285,76,"pasture"
"611",14,"",93553883.6484705,19,"pasture"
"612",14,"CAN",130156494.883941,14,"pasture"
"613",14,"FIN",21913.0750588236,23,"pasture"
"614",14,"NOR",12069524.3484706,24,"pasture"
"615",14,"RUS",156064971.672706,25,"pasture"
"616",14,"SWE",648633.040411765,25,"pasture"
"617",14,"USA",27075042.0100588,17,"pasture"
"618",1,"",420031.568647059,19,"crop"
"619",1,"CAN",95000235.9298235,17,"crop"
"620",1,"FIN",28926326.6377059,21,"crop"
"621",1,"ISL",3467747.62729412,18,"crop"
"622",1,"MNG",481545.032294118,43,"crop"
"623",1,"NOR",5852076.38841176,22,"crop"
"624",1,"RUS",239685701.078647,30,"crop"
"625",1,"SWE",7133833.34911765,26,"crop"
"626",1,"USA",88697.61,15,"crop"
"627",2,"",4114881.83382353,54,"crop"
"628",2,"ABW",NA,NA,"crop"
"629",2,"AFG",392230078.846059,78,"crop"
"630",2,"AGO",576028.826294118,37,"crop"
"631",2,"ARE",1678523.31105882,13,"crop"
"632",2,"ATG",170152.118294118,54,"crop"
"633",2,"AUS",514691.208176471,21,"crop"
"634",2,"AZE",88918830.7533529,39,"crop"
"635",2,"BHR",NA,NA,"crop"
"636",2,"BRB",272061.918352941,35,"crop"
"637",2,"BWA",5098525.57658824,19,"crop"
"638",2,"CHL",NA,NA,"crop"
"639",2,"CHN",106586212.464882,24,"crop"
"640",2,"COL",5951277.93864706,44,"crop"
"641",2,"CUB",1202758.07064706,43,"crop"
"642",2,"CUW",2893.74547058824,60,"crop"
"643",2,"DJI",1729.01382352941,18,"crop"
"644",2,"DMA",1236.67835294118,29,"crop"
"645",2,"DZA",3366741.28358823,21,"crop"
"646",2,"EGY",65913248.0092941,82,"crop"
"647",2,"ERI",263138.299588235,11,"crop"
"648",2,"ETH",10397964.1242353,16,"crop"
"649",2,"FRA",693684.677117647,50,"crop"
"650",2,"GEO",15441859.0060588,46,"crop"
"651",2,"GRD",141.863294117647,21,"crop"
"652",2,"GTM",4426653.14082353,89,"crop"
"653",2,"IND",2761748446.73859,88,"crop"
"654",2,"IRN",269010582.211059,42,"crop"
"655",2,"IRQ",314632798.636235,81,"crop"
"656",2,"ISR",8393238.56964705,73,"crop"
"657",2,"JOR",1649158.61911765,35,"crop"
"658",2,"KAZ",187275513.121765,43,"crop"
"659",2,"KGZ",6369769.03023529,29,"crop"
"660",2,"KNA",508.482264705882,58.5,"crop"
"661",2,"KWT",NA,NA,"crop"
"662",2,"LBY",2148191.022,11,"crop"
"663",2,"LCA",88.4410588235294,24,"crop"
"664",2,"LKA",3557723.69205882,66,"crop"
"665",2,"MAR",4077936.63864706,86,"crop"
"666",2,"MDG",14022423.3112941,48,"crop"
"667",2,"MEX",77486944.6731176,15,"crop"
"668",2,"MNG",965387.821941176,17,"crop"
"669",2,"MRT",NA,NA,"crop"
"670",2,"MSR",NA,NA,"crop"
"671",2,"NAM",348802.173,17,"crop"
"672",2,"NER",NA,NA,"crop"
"673",2,"NLD",2880.50373529412,53.5,"crop"
"674",2,"OMN",1006846.86652941,15,"crop"
"675",2,"PAK",264338933.510823,23,"crop"
"676",2,"PER",4770016.75976471,17,"crop"
"677",2,"PSE",487034.412882351,35,"crop"
"678",2,"QAT",NA,NA,"crop"
"679",2,"RUS",9784854.68452941,47,"crop"
"680",2,"SAU",20654265.4565294,13,"crop"
"681",2,"SDN",1073635.09411765,16,"crop"
"682",2,"SOL",59247.6615882353,13,"crop"
"683",2,"SOM",76888.9695882352,20,"crop"
"684",2,"SYR",3013627.84570588,23,"crop"
"685",2,"TJK",1962466.78905882,23,"crop"
"686",2,"TKM",169904075.356412,81,"crop"
"687",2,"TUN",1200944.84435294,16,"crop"
"688",2,"USA",66526313.3752941,16,"crop"
"689",2,"UZB",144113557.492059,77,"crop"
"690",2,"VCT",21.1593529411765,55,"crop"
"691",2,"VEN",22569214.7895882,33,"crop"
"692",2,"VGB",17378.4229411765,54,"crop"
"693",2,"VIR",70238.7986470588,49,"crop"
"694",2,"YEM",17623305.677647,15,"crop"
"695",2,"ZAF",32573673.5858823,31,"crop"
"696",2,"ZWE",660.480882352941,15,"crop"
"697",3,"",245267.092058824,56,"crop"
"698",3,"AGO",36614.2997647059,35,"crop"
"699",3,"ARG",18012968.5312941,36,"crop"
"700",3,"BOL",400867.269882353,41,"crop"
"701",3,"BRA",19027004.2420588,41,"crop"
"702",3,"BWA",142429.015941176,20,"crop"
"703",3,"CHN",121396878.469765,30,"crop"
"704",3,"CMR",1225075.29017647,52,"crop"
"705",3,"COD",25384.9775294118,48,"crop"
"706",3,"CUB",1259504.35076471,31,"crop"
"707",3,"DOM",86105.8037647059,32,"crop"
"708",3,"DZA",1328179.63076471,83,"crop"
"709",3,"ECU",2186429.02817647,40,"crop"
"710",3,"EGY",94040287.8091764,78,"crop"
"711",3,"ETH",0,44.5,"crop"
"712",3,"HTI",48404.3422941178,41,"crop"
"713",3,"IND",8806267.79276469,99,"crop"
"714",3,"IRN",17540546.6278235,77,"crop"
"715",3,"IRQ",74196948.1097647,75,"crop"
"716",3,"KEN",88.515794117647,28.5,"crop"
"717",3,"LBY",NA,NA,"crop"
"718",3,"MLI",4584361.50670588,17,"crop"
"719",3,"MOZ",165135.781411765,56,"crop"
"720",3,"MWI",540000.106411765,53,"crop"
"721",3,"NAM",36149.6763529412,19,"crop"
"722",3,"NER",2145.69,40.5,"crop"
"723",3,"NGA",1333370.43723529,14,"crop"
"724",3,"PAK",NA,NA,"crop"
"725",3,"PRY",38802.7473529412,42,"crop"
"726",3,"RUS",57837223.4174118,41,"crop"
"727",3,"SSD",1879592.53394118,38,"crop"
"728",3,"TCD",60784.8577058824,15,"crop"
"729",3,"TUN",3017898.75405882,88,"crop"
"730",3,"TZA",6849924.99988235,51,"crop"
"731",3,"USA",3062091.40552941,40,"crop"
"732",3,"VEN",145020.747705882,23,"crop"
"733",3,"ZMB",1609630.72023529,45,"crop"
"734",3,"ZWE",276.399529411765,40,"crop"
"735",4,"",10921754.8699412,49,"crop"
"736",4,"ABW",NA,NA,"crop"
"737",4,"AGO",492.705,56,"crop"
"738",4,"ARE",8758.8,21,"crop"
"739",4,"BGD",24675529.1798823,82,"crop"
"740",4,"BHR",NA,NA,"crop"
"741",4,"BHS",73034.1885882353,51,"crop"
"742",4,"BLZ",202603.753764706,46,"crop"
"743",4,"BRA",2544041.37088235,33,"crop"
"744",4,"BRN",603.572647058824,67,"crop"
"745",4,"CIV",7562.27382352941,57,"crop"
"746",4,"CMR",0,78,"crop"
"747",4,"COD",5636.40229411765,55,"crop"
"748",4,"COL",40365.0423529412,31,"crop"
"749",4,"CRI",263349.508764706,47,"crop"
"750",4,"CUB",519693.619941177,35,"crop"
"751",4,"CUW",NA,NA,"crop"
"752",4,"DOM",407292.206294118,39,"crop"
"753",4,"ECU",995564.823529412,33,"crop"
"754",4,"FRA",59998.311,31,"crop"
"755",4,"GAB",331.425,64,"crop"
"756",4,"GHA",344525.667705882,38,"crop"
"757",4,"GIN",20.88,42,"crop"
"758",4,"GMB",85824.1171764706,62,"crop"
"759",4,"GNB",49879.4832352941,33,"crop"
"760",4,"GNQ",0,57,"crop"
"761",4,"GTM",1387153.17988235,45,"crop"
"762",4,"GUY",12052.1064705882,17,"crop"
"763",4,"HND",378468.924705882,43,"crop"
"764",4,"HTI",449484.401117647,47,"crop"
"765",4,"IDN",3732974.64158823,45,"crop"
"766",4,"IND",7614183.17188233,67,"crop"
"767",4,"JAM",67014.6926470588,44,"crop"
"768",4,"KEN",1930.23158823529,50,"crop"
"769",4,"KHM",609714.423529412,81,"crop"
"770",4,"KNA",26619.1117058824,20,"crop"
"771",4,"LBR",0,83.5,"crop"
"772",4,"MDG",222067.487294118,56,"crop"
"773",4,"MEX",5307753.71435294,41,"crop"
"774",4,"MMR",31653312.0704117,82,"crop"
"775",4,"MOZ",2134.20247058823,52,"crop"
"776",4,"MYS",858481.74882353,61,"crop"
"777",4,"NGA",244.596176470588,69,"crop"
"778",4,"NIC",193334.792647059,48,"crop"
"779",4,"NLD",2600.63523529412,83,"crop"
"780",4,"OMN",NA,NA,"crop"
"781",4,"PAK",598414.145470588,92,"crop"
"782",4,"PAN",1096433.37194118,50,"crop"
"783",4,"PER",62314.2483529412,39,"crop"
"784",4,"PNG",29396.1118235294,59,"crop"
"785",4,"PRI",88835.4178235294,50,"crop"
"786",4,"QAT",NA,NA,"crop"
"787",4,"SAU",NA,NA,"crop"
"788",4,"SEN",18615.1614705882,27,"crop"
"789",4,"SLE",25.695,56,"crop"
"790",4,"SLV",340031.802882353,54,"crop"
"791",4,"SOM",6675.39123529412,22,"crop"
"792",4,"SUR",64392.2306470588,22,"crop"
"793",4,"THA",10376167.2531176,70,"crop"
"794",4,"TTO",3995.61988235294,30,"crop"
"795",4,"TZA",1187.49864705882,56,"crop"
"796",4,"USA",904.691823529412,24,"crop"
"797",4,"VCT",783.838588235294,32,"crop"
"798",4,"VEN",365088.302470588,27,"crop"
"799",4,"VIR",522.338470588235,61,"crop"
"800",4,"VNM",26613736.2158823,56,"crop"
"801",4,"YEM",NA,NA,"crop"
"802",4,"ZAF",17062.6912941176,57,"crop"
"803",5,"",18507884.2242353,55,"crop"
"804",5,"ALB",14644614.6400588,35,"crop"
"805",5,"AUS",355391692.696765,20,"crop"
"806",5,"BGR",171084.538764706,53,"crop"
"807",5,"BIH",2982587.35517647,41,"crop"
"808",5,"CHL",58008794.3839412,40,"crop"
"809",5,"CYN",6304009.84217646,42,"crop"
"810",5,"CYP",14526421.5241764,93,"crop"
"811",5,"DZA",372210753.138,79,"crop"
"812",5,"EGY",9584189.16405882,76,"crop"
"813",5,"ESP",1286879166.903,72,"crop"
"814",5,"FRA",54279615.1272353,44,"crop"
"815",5,"GRC",104646487.795765,44,"crop"
"816",5,"HRV",11622721.8589412,48,"crop"
"817",5,"IRQ",1391209.53705882,20,"crop"
"818",5,"ISR",11884721.4714706,38,"crop"
"819",5,"ITA",319059970.581706,44,"crop"
"820",5,"JOR",7347726.12547058,56,"crop"
"821",5,"KOS",161408.548588235,37,"crop"
"822",5,"LBN",4462731.87723529,34,"crop"
"823",5,"LBY",56906482.2857647,65,"crop"
"824",5,"MAR",346902773.033294,72,"crop"
"825",5,"MCO",18655.3441764706,47,"crop"
"826",5,"MEX",1009098.86629412,19,"crop"
"827",5,"MKD",4172341.97647059,48,"crop"
"828",5,"MLT",268751.686411764,27,"crop"
"829",5,"MNE",1771082.2997647,55,"crop"
"830",5,"PRT",155212389.496588,59,"crop"
"831",5,"PSE",2544413.23782353,32,"crop"
"832",5,"SAU",NA,NA,"crop"
"833",5,"SMR",130553.151352941,36,"crop"
"834",5,"SVN",1722740.98570588,54,"crop"
"835",5,"SYR",75054067.6930588,36,"crop"
"836",5,"TUN",219548722.569706,81,"crop"
"837",5,"TUR",215428037.670882,33,"crop"
"838",5,"USA",8147410.82752941,20,"crop"
"839",5,"VAT",1030.62282352941,63,"crop"
"840",5,"ZAF",55589231.8574117,46,"crop"
"841",6,"AFG",10604733.2098235,87,"crop"
"842",6,"AGO",1981882.461,36,"crop"
"843",6,"ARG",3368312.34405882,43,"crop"
"844",6,"AUS",101112.021,21,"crop"
"845",6,"BOL",4220615.10035294,18,"crop"
"846",6,"BTN",43058.8041176471,31,"crop"
"847",6,"CHL",86351.4834705882,71.5,"crop"
"848",6,"CHN",56864739.0663529,19,"crop"
"849",6,"COD",6.03,76,"crop"
"850",6,"COL",562199.716588235,20,"crop"
"851",6,"ECU",1013314.91805882,19,"crop"
"852",6,"ERI",2657839.95564706,13,"crop"
"853",6,"ETH",63545243.3308235,28,"crop"
"854",6,"IDN",1358.10494117647,106,"crop"
"855",6,"IND",767953.671352941,70,"crop"
"856",6,"IRN",96420482.3975294,93,"crop"
"857",6,"KAZ",2445610.19347059,22,"crop"
"858",6,"KEN",12315.1113529412,80,"crop"
"859",6,"KGZ",1615314.43835294,18,"crop"
"860",6,"LSO",9999286.75058823,41,"crop"
"861",6,"MAR",243421.694294118,107,"crop"
"862",6,"MDG",46951.3194705882,52,"crop"
"863",6,"MMR",23520.8816470588,38,"crop"
"864",6,"MNG",NA,NA,"crop"
"865",6,"MOZ",727327.692352941,50,"crop"
"866",6,"MWI",319328.653058824,54,"crop"
"867",6,"MYS",14307.5260588235,24,"crop"
"868",6,"NGA",11662059.0065294,53,"crop"
"869",6,"NPL",590183.033117647,24,"crop"
"870",6,"NZL",1612970.78611765,18,"crop"
"871",6,"PAK",3941179.02758824,81,"crop"
"872",6,"PER",5452601.90276471,17,"crop"
"873",6,"PNG",345.87,104,"crop"
"874",6,"RUS",1339262.49105882,48,"crop"
"875",6,"RWA",0,75,"crop"
"876",6,"SWZ",673409.001529412,56,"crop"
"877",6,"TJK",361509.752294118,30,"crop"
"878",6,"TKM",20284138.4587059,75,"crop"
"879",6,"TZA",2292074.98058824,57,"crop"
"880",6,"UGA",229.905,78,"crop"
"881",6,"UZB",35337.7076470588,16,"crop"
"882",6,"VEN",429.604411764706,24,"crop"
"883",6,"ZAF",149477283.783882,40,"crop"
"884",6,"ZMB",79.2658235294118,64,"crop"
"885",6,"ZWE",3723319.47758823,56,"crop"
"886",7,"",14033613.2354118,20,"crop"
"887",7,"ALA",179539.531058824,25,"crop"
"888",7,"ALB",403951.222058824,49,"crop"
"889",7,"AND",21906.2587058824,32,"crop"
"890",7,"ARG",1276628.60841176,65,"crop"
"891",7,"ARM",13109720.1104117,30,"crop"
"892",7,"AUS",821404145.121352,72,"crop"
"893",7,"AUT",33375099.0727059,24,"crop"
"894",7,"AZE",29057686.4228823,45,"crop"
"895",7,"BEL",21482725.3028824,19,"crop"
"896",7,"BGR",128171147.055706,34,"crop"
"897",7,"BIH",45829187.4670588,49,"crop"
"898",7,"BLR",148001566.702588,18,"crop"
"899",7,"BTN",248832.677470588,22,"crop"
"900",7,"CAN",70319938.017,15,"crop"
"901",7,"CHE",12305218.7444118,22,"crop"
"902",7,"CHL",22253817.4161176,31,"crop"
"903",7,"CHN",3240260822.93418,54,"crop"
"904",7,"CZE",100323265.007471,31,"crop"
"905",7,"DEU",357254823.826412,26,"crop"
"906",7,"DNK",70881056.4181764,30,"crop"
"907",7,"ESP",41250613.6641176,39,"crop"
"908",7,"EST",32186371.7696471,27,"crop"
"909",7,"FIN",1858626.45388235,26,"crop"
"910",7,"FRA",399952943.414294,21,"crop"
"911",7,"GBR",176770191.625765,20,"crop"
"912",7,"GEO",35510847.941647,50,"crop"
"913",7,"GGY",9331.59776470588,18,"crop"
"914",7,"GRC",6937752.912,26,"crop"
"915",7,"HRV",50039985.5924117,42,"crop"
"916",7,"HUN",168981521.799176,34,"crop"
"917",7,"IMN",598652.624647059,28,"crop"
"918",7,"IND",15788979.4750588,112,"crop"
"919",7,"IRL",53439920.8762941,20,"crop"
"920",7,"IRN",264640366.025823,29,"crop"
"921",7,"IRQ",73571737.3761176,88,"crop"
"922",7,"ITA",107114605.023529,39,"crop"
"923",7,"JEY",64675.5345882353,17,"crop"
"924",7,"JPN",30520002.8163529,21,"crop"
"925",7,"KOR",23331496.446,29,"crop"
"926",7,"KOS",13768082.7188823,43,"crop"
"927",7,"LIE",86580.7261764706,47,"crop"
"928",7,"LTU",82219290.1487647,25,"crop"
"929",7,"LUX",1475623.99164706,17,"crop"
"930",7,"LVA",49419251.2187647,23,"crop"
"931",7,"MDA",43010402.2985294,28,"crop"
"932",7,"MKD",22632059.0156471,48,"crop"
"933",7,"MMR",50496.0707647059,25,"crop"
"934",7,"MNE",5682674.53588235,67,"crop"
"935",7,"NLD",29134020.8684117,19,"crop"
"936",7,"NOR",1313074.11547059,21,"crop"
"937",7,"NPL",555305.191235294,24,"crop"
"938",7,"NZL",51205625.6032941,17,"crop"
"939",7,"PAK",2626637.53764706,131,"crop"
"940",7,"POL",348157905.768,25,"crop"
"941",7,"PRK",78108366.0723529,40,"crop"
"942",7,"PRT",11923641.6631765,54,"crop"
"943",7,"ROU",241624588.141235,33,"crop"
"944",7,"RUS",911469581.60947,23,"crop"
"945",7,"SRB",109077716.390824,38,"crop"
"946",7,"SVK",42298988.7367059,31,"crop"
"947",7,"SVN",16331667.3704118,52,"crop"
"948",7,"SWE",57560736.7898823,29,"crop"
"949",7,"TUR",348761874.655235,40,"crop"
"950",7,"UKR",341711507.616529,22,"crop"
"951",7,"USA",361084486.330059,17,"crop"
"952",8,"",318616.374,19,"crop"
"953",8,"AFG",2034782.94,86,"crop"
"954",8,"AUT",6397582.78394118,21,"crop"
"955",8,"BTN",41710.3960588235,23,"crop"
"956",8,"CAN",12135791.7589412,20,"crop"
"957",8,"CHE",3043469.26605882,19,"crop"
"958",8,"CHN",67676647.6240588,70,"crop"
"959",8,"CZE",680928.024882353,44,"crop"
"960",8,"DEU",1016662.86864706,47,"crop"
"961",8,"DZA",5234026.13505882,73,"crop"
"962",8,"FRA",2408888.66241177,19,"crop"
"963",8,"GBR",4156022.99417647,23,"crop"
"964",8,"IND",2192355.66529411,76,"crop"
"965",8,"IRN",42952120.4791765,40,"crop"
"966",8,"ITA",23043287.6165294,43,"crop"
"967",8,"JPN",5978850.99141177,18,"crop"
"968",8,"KAZ",2410291.4897647,40,"crop"
"969",8,"KGZ",717363.019941175,17,"crop"
"970",8,"LIE",25371.5684117647,45,"crop"
"971",8,"MAR",10983967.8924706,95,"crop"
"972",8,"MMR",4298.62111764706,16,"crop"
"973",8,"MNG",140677.846764706,45,"crop"
"974",8,"NOR",450067.340117647,16,"crop"
"975",8,"NPL",790985.061176471,25,"crop"
"976",8,"PAK",55276822.0859999,135,"crop"
"977",8,"POL",21894002.5514117,37,"crop"
"978",8,"ROU",17940344.5459412,36,"crop"
"979",8,"RUS",35298692.0782941,39,"crop"
"980",8,"SVK",12449537.8401176,40,"crop"
"981",8,"SVN",2617807.57005882,53,"crop"
"982",8,"TUN",9860009.14376469,96,"crop"
"983",8,"TUR",164896339.426235,69,"crop"
"984",8,"UKR",26222990.9673529,30,"crop"
"985",8,"USA",38206957.8993529,24,"crop"
"986",9,"",3274273.29370588,26,"crop"
"987",9,"AFG",153225.415941176,30,"crop"
"988",9,"ARE",36966.5581764706,15,"crop"
"989",9,"ARG",636863227.366235,21,"crop"
"990",9,"ARM",15692943.9072353,30,"crop"
"991",9,"AUS",274635139.020706,43,"crop"
"992",9,"AZE",5203491.76394117,51,"crop"
"993",9,"BGR",944449.902882352,31,"crop"
"994",9,"CAN",304703429.975294,15,"crop"
"995",9,"CHL",7719.20717647059,27,"crop"
"996",9,"CHN",206699979.319235,23,"crop"
"997",9,"GEO",7415734.63217647,29,"crop"
"998",9,"IRN",172456704.551471,76,"crop"
"999",9,"IRQ",56760226.9431176,33,"crop"
"1000",9,"ISR",48135.7376470589,35,"crop"
"1001",9,"JOR",4236840.64499999,35,"crop"
"1002",9,"KAZ",1867784697.24371,43,"crop"
"1003",9,"KGZ",20631316.3014706,20,"crop"
"1004",9,"MDA",12614456.6027647,29,"crop"
"1005",9,"MNG",15138671.7963529,24,"crop"
"1006",9,"NZL",22049813.150647,16,"crop"
"1007",9,"OMN",322204.627764706,12,"crop"
"1008",9,"ROU",49217447.8953529,37,"crop"
"1009",9,"RUS",2342640165.22006,33,"crop"
"1010",9,"SYR",62524521.2405294,34,"crop"
"1011",9,"TJK",13935777.939,22,"crop"
"1012",9,"TKM",1528034.27347059,81,"crop"
"1013",9,"TUR",133418293.404353,34,"crop"
"1014",9,"UKR",428890323.117,32,"crop"
"1015",9,"URY",23552.0061176471,28,"crop"
"1016",9,"USA",1348929903.11453,18,"crop"
"1017",9,"UZB",117498214.277647,37,"crop"
"1018",10,"",38766.3220588235,49,"crop"
"1019",10,"BHS",88896.2659411765,50,"crop"
"1020",10,"BTN",13325.847,42,"crop"
"1021",10,"CUB",3427835.04617646,39,"crop"
"1022",10,"DOM",2543333.172,79,"crop"
"1023",10,"GTM",26006324.2210588,90,"crop"
"1024",10,"HND",25655418.7258235,82,"crop"
"1025",10,"HTI",3694117.58788235,79,"crop"
"1026",10,"IDN",219201.959823529,120,"crop"
"1027",10,"IND",10787994.5864118,98,"crop"
"1028",10,"MEX",92706297.1648235,42,"crop"
"1029",10,"MMR",7909.3964117647,97,"crop"
"1030",10,"NIC",8943924.33882353,78,"crop"
"1031",10,"NPL",1211202.13288235,34,"crop"
"1032",10,"PAK",11942205.1309412,138,"crop"
"1033",10,"PHL",14907.1635882353,19,"crop"
"1034",10,"SLV",8691591.98682353,60,"crop"
"1035",10,"USA",3250.38564705882,24,"crop"
"1036",11,"",5111672.83888236,61,"crop"
"1037",11,"AGO",0,50,"crop"
"1038",11,"ATG",4329.52729411765,54,"crop"
"1039",11,"BOL",23881174.7345294,32,"crop"
"1040",11,"BRA",390549934.923353,40,"crop"
"1041",11,"COL",26054602.7996471,50,"crop"
"1042",11,"CRI",5292477.18070588,50,"crop"
"1043",11,"CUB",65847350.7273529,37,"crop"
"1044",11,"DOM",6548491.88170588,44,"crop"
"1045",11,"ECU",7148008.35652941,54,"crop"
"1046",11,"FRA",1160.50155882353,21.5,"crop"
"1047",11,"GRD",1177.32847058824,24,"crop"
"1048",11,"GTM",10971854.1652941,47,"crop"
"1049",11,"HND",18196244.8533529,59,"crop"
"1050",11,"HTI",6255161.93011765,45,"crop"
"1051",11,"IDN",32093823.515647,82,"crop"
"1052",11,"IND",3532686001.13665,110,"crop"
"1053",11,"JAM",1850125.92652941,58,"crop"
"1054",11,"KHM",184162106.510471,102,"crop"
"1055",11,"LAO",60438092.9518235,114,"crop"
"1056",11,"LCA",15050.8214117647,47,"crop"
"1057",11,"LKA",38998009.8952941,76,"crop"
"1058",11,"MDG",2775615.07641176,55,"crop"
"1059",11,"MEX",276315403.194,56,"crop"
"1060",11,"MMR",102534472.340471,92,"crop"
"1061",11,"MSR",784.257176470588,14,"crop"
"1062",11,"NCL",1184909.11376471,96,"crop"
"1063",11,"NIC",23139745.3162941,52,"crop"
"1064",11,"PAN",9395854.41794117,60,"crop"
"1065",11,"PER",4743640.76717647,53,"crop"
"1066",11,"PRI",1090632.48758823,43,"crop"
"1067",11,"SLV",11094307.2986471,61,"crop"
"1068",11,"THA",788076000.522706,104,"crop"
"1069",11,"TLS",4232790.801,81,"crop"
"1070",11,"TTO",11826.3808235294,17,"crop"
"1071",11,"USA",2591352.14576471,53,"crop"
"1072",11,"VCT",78.2114117647059,29,"crop"
"1073",11,"VEN",28639012.4625882,28,"crop"
"1074",11,"VNM",114990103.804235,90,"crop"
"1075",11,"ZMB",70244.4949411765,50,"crop"
"1076",12,"",644910.796764707,37,"crop"
"1077",12,"AGO",34510156.9295294,37,"crop"
"1078",12,"ARG",148346738.710412,30,"crop"
"1079",12,"AUS",182025055.326353,45,"crop"
"1080",12,"BDI",392830.146705882,52,"crop"
"1081",12,"BEN",21265546.7901176,44,"crop"
"1082",12,"BFA",104676663.702529,37,"crop"
"1083",12,"BGD",492152.264117646,114,"crop"
"1084",12,"BLZ",119102.623058824,54,"crop"
"1085",12,"BOL",8290745.15947059,32,"crop"
"1086",12,"BRA",1483712914.63588,43,"crop"
"1087",12,"BTN",53827.779882353,60,"crop"
"1088",12,"BWA",15121789.9791176,25,"crop"
"1089",12,"CAF",1620001.64752941,66,"crop"
"1090",12,"CIV",9233383.29688235,54,"crop"
"1091",12,"CMR",66241934.3913529,49,"crop"
"1092",12,"COD",2107545.82552941,40,"crop"
"1093",12,"COG",20654.871,33,"crop"
"1094",12,"COL",29479025.4875294,38,"crop"
"1095",12,"ERI",1243203.72388235,13,"crop"
"1096",12,"ETH",83664669.8701764,60,"crop"
"1097",12,"GAB",3.24,41,"crop"
"1098",12,"GHA",35150476.5684706,35,"crop"
"1099",12,"GIN",3674197.40347059,68,"crop"
"1100",12,"GMB",6955342.21111764,62,"crop"
"1101",12,"GNB",383744.826882353,64,"crop"
"1102",12,"GUY",135195.289588235,44,"crop"
"1103",12,"HND",3058.61558823529,64,"crop"
"1104",12,"IDN",464491.686,23,"crop"
"1105",12,"IND",30040537.5832941,97,"crop"
"1106",12,"KEN",67491368.6161765,48,"crop"
"1107",12,"LSO",2105372.03752941,19,"crop"
"1108",12,"MEX",6360518.193,13,"crop"
"1109",12,"MLI",234836625.107647,49,"crop"
"1110",12,"MOZ",22565127.9908824,56,"crop"
"1111",12,"MRT",663274.080529412,14,"crop"
"1112",12,"MWI",42832950.9487059,56,"crop"
"1113",12,"NAM",9897335.33170587,22,"crop"
"1114",12,"NER",57663262.8305294,15,"crop"
"1115",12,"NGA",528431953.618059,45,"crop"
"1116",12,"NIC",21382.1096470588,53,"crop"
"1117",12,"NPL",82832246.6634706,103,"crop"
"1118",12,"OMN",NA,NA,"crop"
"1119",12,"PNG",325768.137,47,"crop"
"1120",12,"PRY",59379015.9857647,41,"crop"
"1121",12,"RWA",1267395.59805882,50,"crop"
"1122",12,"SAU",811607.490882354,55,"crop"
"1123",12,"SDN",221023665.254471,21,"crop"
"1124",12,"SEN",109878412.035,59,"crop"
"1125",12,"SLE",1168.56,70,"crop"
"1126",12,"SOL",NA,NA,"crop"
"1127",12,"SOM",8636117.34970588,17,"crop"
"1128",12,"SSD",9784924.34770587,37,"crop"
"1129",12,"SUR",31257.4395882353,70,"crop"
"1130",12,"SWZ",2081980.24694118,37,"crop"
"1131",12,"TCD",80325578.2570588,45,"crop"
"1132",12,"TGO",12008338.5397059,40,"crop"
"1133",12,"TZA",206089202.146765,43,"crop"
"1134",12,"UGA",5004965.29605882,33,"crop"
"1135",12,"URY",228474457.800882,35,"crop"
"1136",12,"USA",24509979.6675882,15,"crop"
"1137",12,"VEN",48364089.1720588,37,"crop"
"1138",12,"YEM",2178070.47141176,19,"crop"
"1139",12,"ZAF",67886453.0061176,46,"crop"
"1140",12,"ZMB",55221960.4997647,50,"crop"
"1141",12,"ZWE",183130043.722588,46,"crop"
"1142",13,"",25450197.1438235,58,"crop"
"1143",13,"ARG",8913344.87170588,44,"crop"
"1144",13,"ATG",815.960117647059,39,"crop"
"1145",13,"AUS",25964564.6151176,116,"crop"
"1146",13,"BDI",595345.893176471,61,"crop"
"1147",13,"BEN",73461.8756470588,55,"crop"
"1148",13,"BGD",476983766.063823,111,"crop"
"1149",13,"BLZ",2604692.27964706,47,"crop"
"1150",13,"BOL",6022277.71447059,38,"crop"
"1151",13,"BRA",1289745509.59606,51,"crop"
"1152",13,"BRN",515273.00382353,72,"crop"
"1153",13,"BTN",524607.859411765,67,"crop"
"1154",13,"CAF",2351.15294117647,46,"crop"
"1155",13,"CHN",1075645263.40941,73,"crop"
"1156",13,"CIV",274536.443294118,54,"crop"
"1157",13,"CMR",131265.598235294,67,"crop"
"1158",13,"COD",492305.202882353,51,"crop"
"1159",13,"COG",1066.33570588235,37,"crop"
"1160",13,"COL",43705379.5789412,43,"crop"
"1161",13,"COM",0,73,"crop"
"1162",13,"CRI",11577359.4333529,56,"crop"
"1163",13,"CUB",9551972.10582351,43,"crop"
"1164",13,"DMA",2605.64047058824,55,"crop"
"1165",13,"DOM",23344941.5461765,47,"crop"
"1166",13,"ECU",17584189.5912353,45,"crop"
"1167",13,"ETH",543426.212294118,84,"crop"
"1168",13,"FRA",125009.630823529,25,"crop"
"1169",13,"GAB",69.705,64,"crop"
"1170",13,"GHA",252166.221705882,52,"crop"
"1171",13,"GIN",449789.115529412,65,"crop"
"1172",13,"GNQ",3.5325,87.5,"crop"
"1173",13,"GRD",1978.62776470588,25,"crop"
"1174",13,"GTM",20016322.1103529,55,"crop"
"1175",13,"GUY",784871.557588235,19,"crop"
"1176",13,"HKG",549397.027058824,108,"crop"
"1177",13,"HND",6977479.29652941,60,"crop"
"1178",13,"HTI",20645196.1851176,66,"crop"
"1179",13,"IDN",267771699.418588,56,"crop"
"1180",13,"IND",3408360014.21153,108,"crop"
"1181",13,"JAM",3216407.65658824,62,"crop"
"1182",13,"JPN",65819.7370588235,28,"crop"
"1183",13,"KEN",15833469.111,63,"crop"
"1184",13,"KHM",74053088.6013529,70,"crop"
"1185",13,"KNA",2064.38541176471,39,"crop"
"1186",13,"LAO",40389552.7057059,105,"crop"
"1187",13,"LBR",159.84,71,"crop"
"1188",13,"LCA",5500.22735294118,60,"crop"
"1189",13,"LKA",1202812.11617647,79,"crop"
"1190",13,"MAC",18394.5354705882,97,"crop"
"1191",13,"MDG",13022964.9951176,59,"crop"
"1192",13,"MEX",129240867.223412,48,"crop"
"1193",13,"MMR",477029613.806294,90,"crop"
"1194",13,"MOZ",5671418.75876471,37,"crop"
"1195",13,"MSR",332.532705882353,15,"crop"
"1196",13,"MWI",1328.745,69,"crop"
"1197",13,"MYS",25079566.3187647,37,"crop"
"1198",13,"NCL",67600.851,109,"crop"
"1199",13,"NGA",495629.236941177,52,"crop"
"1200",13,"NIC",27618844.5608823,60,"crop"
"1201",13,"NPL",9009705.54405882,45,"crop"
"1202",13,"PAN",22148841.6072353,66,"crop"
"1203",13,"PER",9956405.86852941,37,"crop"
"1204",13,"PHL",155655096.121588,74,"crop"
"1205",13,"PLW",263.475,99.5,"crop"
"1206",13,"PNG",5034838.89529412,91,"crop"
"1207",13,"PRI",4696971.45917647,63,"crop"
"1208",13,"PRY",75366409.3519411,42,"crop"
"1209",13,"RWA",974188.442117647,65,"crop"
"1210",13,"SLB",398428.796823529,66,"crop"
"1211",13,"SLE",335.745,66,"crop"
"1212",13,"SLV",283532.111823529,85,"crop"
"1213",13,"SOM",3759582.59911764,16,"crop"
"1214",13,"SSD",1464.41894117647,38,"crop"
"1215",13,"SUR",232227.834882353,38,"crop"
"1216",13,"SWZ",201523.931647059,30,"crop"
"1217",13,"TGO",16195.7754705882,50,"crop"
"1218",13,"THA",316424721.766412,91,"crop"
"1219",13,"TTO",79381.4084117647,26,"crop"
"1220",13,"TWN",21548220.5694706,79,"crop"
"1221",13,"TZA",1888986.987,56,"crop"
"1222",13,"UGA",142721.742352941,62,"crop"
"1223",13,"URY",2290.26547058824,44,"crop"
"1224",13,"USA",671078.005764706,28,"crop"
"1225",13,"VCT",606.847941176471,28,"crop"
"1226",13,"VEN",4758279.47611765,25,"crop"
"1227",13,"VGB",290.427529411765,89,"crop"
"1228",13,"VIR",1775.84752941176,43,"crop"
"1229",13,"VNM",138674130.871588,57,"crop"
"1230",13,"VUT",1309.41564705882,15,"crop"
"1231",13,"ZAF",1274737.62017647,57,"crop"
"1232",13,"ZWE",10102.7059411765,56,"crop"
"1233",14,"",51512.5574117647,19,"crop"
"1234",14,"NOR",668341.891941176,19,"crop"
"1235",14,"RUS",213306.277764706,34,"crop"
"1236",14,"SWE",5430.40623529412,36,"crop"
